ADDRESS,City,State,ZIPCODE
0 W Point Ave,Abington,PA,19001
0 Gay Ave,Abington,PA,19001
0 Brook Rd,Abington,PA,19001
0 Brook Rd,Abington,PA,19001
0 Brook Rd,Abington,PA,19001
2241 Albright Ave,Abington,PA,19001
1160 Fitzwatertown Rd,Abington,PA,19001
0 Woodland Rd,Abington,PA,19001
0 Webster Ave,Abington,PA,19001
0 Rydal E,Abington,PA,19001
0 Rubicam Ave,Abington,PA,19001
0 Patane Ave,Abington,PA,19001
943 Old York Rd,Abington,PA,19001
0 Old Welsh Rd,Abington,PA,19001
2417 Norwood Ave,Abington,PA,19001
0 Huntingdon Pike,Abington,PA,19001
0 Galloway Ave,Abington,PA,19001
0 Eckard Ave,Abington,PA,19001
0 Eckard Ave,Abington,PA,19001
0 Brookdale Ave,Abington,PA,19001
